blog/,blog/welcome-to-blogger-to-wordpress-migration-professional-service/,blog/eureka-we-can-move-blogs-with-5000-posts-from-blogger-to-wordpress/,blog/we-are-hiring-with-refer-an-employee-program/,blog/rtcamps-theme-rtmoto-now-available-in-the-wordpress-theme-directory-2/,blog/buddypress-media-component-release/,blog/buddypress-media-2-0-video-upload-issues/,blog/why-we-recommend-working-from-scratch/,blog/how-301-redirection-works/,blog/web-without-flash-accessible-responsive-more/,blog/different-time-zone-no-problem/,blog/consolidate-your-domains-with-ilovethisdomain/,blog/buddypress-media-2-0-2-release/,blog/linux-hosting-free-with-every-net-domains/,blog/introducing-pro-tld-in-our-products/,blog/change-in-dedicated-ip-policy/,blog/how-to-prevent-blogger-blog-from-redirecting-to-country-specific-urls/,blog/rtpanel-crossed-5000-downloads/,blog/we-are-revamping-our-affiliate-program/,blog/discounts-on-selected-domains-tlds/,blog/a-roundup-of-year-2011/,blog/forum-registration-process/,blog/hurry-to-avail-the-festive-benefits/,blog/registry-price-will-hikes-soon-for-com-net-and-biz-tlds/,blog/rtpanel-2-0-8-released/,blog/upcoming-rtpanel-release-2-0-7/,blog/rtpanel-developer-program-faq/,blog/rtsocial-plugin-released/,blog/wordpress-theme-framework-for-developers/,blog/launching-twitter-handle-rtpanel/,blog/introducing-support-forum/,blog/rtcamps-second-office/,blog/the-wait-has-begun/,blog/photos-rtparty2011-rtcamps-second-anniversary-celebration/,blog/update-version-2-0-3-of-blogger-to-wordpress-redirection-plugin/,blog/rtcamps-theme-rtmoto-now-available-in-the-wordpress-theme-directory/,blog/roundup-2010-the-year-of-rtcamp/,blog/wordpress-open-source-plugins-developed-by-rtcamp/,blog/whats-so-special-about-our-blogger-to-wordpress-migration-service/,blog/bloggertowp-new-portal-to-help-bloggers-get-going-with-wordpress/,blog/ilovethisdomain-com-rtcamp-is-in-domain-business-now/,blog/buddypress-media-2-3-released-with-group-media/,blog/responsive-web-design/,blog/our-first-activecollab-module-for-better-git-support/,blog/buddypress-media-2-4-refactored/,blog/rtcamp-4-years/,blog/buddypress-media-29-image-editing-custom-sizes/,blog/think-of-seo-before-developing-your-website/,blog/buddypress-media-2-11-with-better-support-for-disabled-activity-stream/,blog/blogger-wordpress-plugin-v2-2/,blog/nginx-helper-crossed-10000-downloads-5-contributors/,blog/setup-custom-domain-on-blogger/,blog/buddypress-media-component-for-buddypress-1-2-with-new-home/,blog/launched-a-new-portal-and-corporate-blog/,blog/update-version-2-0-6-of-blogger-to-wordpress-redirection-plugin/,blog/buddypress-media-10000-downloads-and-counting/,blog/activecollab-gitolite-1-3-5-released/,blog/nginx-top-1000-sites/,blog/when-should-you-do-it-yourself-diy/,blog/domain-promos-fabulous-discounts-august/,blog/themes-scratch-theme-frameworks/,blog/rockport-institute/,blog/rtmedia-pro-v1-2/,blog/rtmedia-pro-v1-1/,blog/easyengine-easy-wordpress-nginx/,blog/network-fp-wordpress-page-templates/,blog/metro-style-websites-tapetrack/,blog/rtcamps-website-is-featured-in-wpbeginner-gallery/,blog/wordpress-nginx-series-updated-wordpress-3-5/,blog/fix-rtpanel-child-theme-for-rtpanel-2-1/,blog/the-blogger-to-wordpress-user-guide-series/,blog/15-beautiful-and-free-3-column-wordpress-themes/,blog/capturing-software-requirements/,blog/rtwidgets-plugin-released/,blog/woocommerce-biggest-ecommerce-platform/,blog/easyengine-is-gpl/,blog/easyengine-1-1-release/,blog/rtmedia-3-6-json-api/,blog/easyengine-1-2-debian-support/,blog/rtpanel-developer-update/,blog/using-comments-for-support-is-bad-idea/,blog/openssl-heartbleed-fix-ubuntu/,blog/easyengine-1-3-doctor-debug-release/,blog/easyengine-1-3-4-better-ubuntu-support/,blog/rtmedia-pro-2-2-release/,blog/upgrading-nginx-1-6-ubuntu/,blog/closing-gender-gap-workforce-employee-referrals/,blog/easyengine-refueling/,blog/nginx-now-1-web-server-top-10k-busiest-websites/,blog/rtpanel-hooks-editor-plugin-launched/,blog/rtmedia-3-7-masonary-mobile-lightbox/,blog/easyengine-2-0-refactor-release/,blog/rtcamp-documentation/,blog/easyengine-2-1-mail-server-setup/,blog/wordpress-nginx-ee-webinar/,blog/easyengine-completes-1-year/,blog/moving-woocommerce-easydigitaldownloads/,blog/easyengine-2-2-released/,blog/meet-easyengine-nginx-conf-2014-san-francisco-usa/,blog/feedback-request-from-easyengine-users/,blog/rtdating-premium-theme-rtmedia/,blog/payment-gateway-added-rtmedia-membership-ver-2-0/,blog/easyengine-3-roadmap/,blog/easyengine-3-python-release/,blog/10x-upgrades-free-encoding-service-buddypress-media/,blog/wordcamp-mumbai-2015/,blog/introducing-rtmedia-social-sync-add-on/,blog/in-support-of-net-neutrality/,blog/easyengine-3-1-hhvm-pagespeed/,blog/wordpress-4-1-sixth-consecutive-release-with-contribution-rtcampers/,blog/wordpress-4-0-benny-released/,blog/cake-cutting-ceremony-joshuas-contribution-wordpress-3-8/,blog/wordpress-3-6-patch-rtcamper/,blog/wordpress-4-2-with-11-rtcamp-contributers/,blog/rtamazon-s3-first-release/,blog/rtmedia-compatible-wpml-plugin/,blog/easyengine-3-2-opensuse-build-service/,blog/buddypress-2-3-livio-released-with-contribution-by-rtcamper/,blog/rtmedia-pro-released/,blog/rtmedia-pro-bundle-at-149-until-30th-june/,blog/easyengine-fix-genericons-xss-vulnerability/,blog/rtbiz-helpdesk-for-wordpress-release/,blog/easyengine-3-3-full-page-redis-cache/,blog/connected-mailboxes-rtbiz-helpdesk/,blog/wordpress-4-3-contributions-rtcampers/,blog/introducing-foodmania/,blog/meet-rtcamp-wordcamp-pune-2015/,blog/10-percent-store-discount/,blog/buddypress-1-8-patch-rtcamper/,blog/how-we-rtcamped-at-wordcamp-pune-2015/,blog/our-origin-story-on-heropress/,blog/buddypress-2-4-0-pietro-released-contributions-rtcampers/,blog/lets-catch-up-wordcamp-us-2015/,blog/thanksgiving-promo-2015/,blog/easyengine-dedicated-website/,blog/wordpress-4-4-10th-consecutive-release-contribution-rtcampers/,blog/migrate-wufoo-form-gravity-form-free/,blog/pressnomics-4-catch-up/,blog/rtbiz-new-home/,blog/the-wapuu-effect-at-rtcamp/,blog/wordcamp-mumbai-2016/,blog/wordpress-teenager-13/,blog/rtcamp-com-beats-google-com-in-yslow-page-speed-grades/,blog/shmart-addon-easy-digital-downloads-free/,blog/lets-meetup-wordcamp-europe-2016/,blog/wordpress-4-6-with-core-contributions-and-translation/,blog/rtcamp-at-wordcamp-bhopal-2016/,blog/rtcampers-at-wordcamp-nashik-2016/,blog/contributions-12th-consecutive-release-wordpress-4-7/,blog/wordcamp-pune-weekend-2017/,blog/get-hired-rtcamp-weekend-assignment/,blog/heropress-wpshout-10-wordpress-training-scholarships/,blog/our-experience-at-fossmosis-2017/,blog/wordpress-4-9-tipton/,blog/we-visited-the-land-of-kings/,blog/introducing-gutenberg-fields-middleware/,blog/join-rtcamp-from-anywhere/,blog/rtcamps-new-site-works-in-ie6-now-d/,blog/activecollab-gitolite-module-v1-3-with-webhooks-github-cloning-remote-gitolite-support/,blog/bloggertowp-org-merged-into-rtcamp-com/,blog/flat-50-discount-rtcamp-products/,blog/wordpress-3-8-rtcamper/,blog/rtcamp-com-is-on-gutenberg/,blog/how-rtcamp-ensures-security-of-your-website/,blog/roundup-4-portals-and-1-blog-launched-by-rtcamp-in-2010/,blog/introducing-wpnginx-our-new-service-for-high-traffic-wordpress-sites/,blog/rtpanel-the-wordpress-theme-framework/,blog/wordpress-3-7-rtcamper/,blog/rtmedia-crosses-100k-downloads/,blog/wordcamp-mumbai-2014-experience/,blog/rtmedia-pro-v-1-8-podcast-rss-feed/,blog/top-10-themes-designed-by-rtcamp-in-2010/,blog/buddypress-media-2-1-released-with-add-on-support/,blog/inspirebook-new-release-1-2/,blog/buddypress-media-2-2-released-with-user-albums-and-more/,blog/inspirebook-1-1-parent-theme/,blog/rtcamp-5th-anniversary-promo/,blog/buddypress-media-ffmpeg-converter-video-thumbnails-spanish-translation/,blog/starting-wordpress-nginx-tutorial-series/,blog/introducing-rtmedia-membership-addon/,blog/buddypress-media-component-new-release-with-users-groups-album-features/,blog/releasing-gravity-forms-importer-rtbiz-helpesk/,blog/why-we-never-use-varnish-with-nginx/,blog/activecollab-gitolite-v1-3-2-released/,blog/amp-roadshow-mumbai-2018-recap/,blog/buddypress-2-12-with-featured-media-support-released/,blog/buddypress-media-2-10-with-album-management-shortcodes/,blog/buddypress-media-2-5-is-friendlier-it-also-speaks-more-languages/,blog/buddypress-media-2-6-with-privacy-features-released/,blog/buddypress-media-review-contest/,blog/buddypress-media-kaltura-addon-released/,blog/buddypress-media-28-released-bpalbum-importer/,blog/plugin-release-log-in-with-google/,blog/case-study-newsmarket/,blog/client-geometric-global-acquired-hcl/,blog/catch-up-with-an-rtcamper-at-wordcamp-mumbai/,blog/core-contribution-wordpress-4-5-rtcampers/,blog/easyengines-usa-trip/,blog/getting-ready-for-rtmedia/,blog/indian-express-relaunch-vip/,blog/monthly-roundup-november-2018/,blog/rtcamp-is-a-winner-of-kaltura-contest/,blog/rtcamp-wordpress-com-vip-partner/,blog/rtmedia-activity-uploads-lightbox-released/,blog/rtmedia-instagram-released/,blog/the-future-of-buddypress-media-lighter-faster-3-0-with-more-features/,blog/wordpress-3-9-four-patches-rtcamp/,blog/rtmedia-3-8-released-with-new-ui-changes/,blog/plugin-release-search-with-google/,blog/rtcamp-labs-plugin-release-mention-links/,blog/2013-year-review/,blog/flat-50-discount-holidays-2014/,blog/buddypress-media-213-audiovideo-conversion-service-released/,blog/gitolite-module-activecollab-4-compatible/,blog/update-wp-super-cache-w3-total-cache-immediately/,blog/rtmedia-photo-watermark-addon/,blog/hello-world-wpnginx-is-here-to-put-your-wordpress-on-steroids/,blog/who-owns-wordpress/,blog/wordpress-5-5/,blog/rtcamp-5-years/,blog/rtcamp-is-celebrating-its-1st-birthday/,blog/rtcamp-turns-12/,blog/campus-program-updates-april-2021/,blog/campus-program-updates-july-2021/,blog/rtcamps-new-office-pics/,blog/welcome-to-rtcamp/,blog/we-are-hiring-wordpress-developer/,blog/opening-for-php-developers/,blog/our-still-under-construction-office/,blog/our-under-construction-office/,blog/rtcamp-reincarnated/,blog/monthly-roundup-june-2021/,blog/monthly-roundup-april-2021/,blog/monthly-roundup-march-2021/,blog/monthly-roundup-february-2021/,blog/monthly-roundup-january-2021/,blog/monthly-roundup-april-2020/,blog/august-2013-roundup/,blog/pmc-sheknows-soaps-replatform-vip/,blog/rtmedia-wordpress-com-vip-compliant/,blog/shmart-payment-gateway-easy-digital-downloads-plugin/,blog/email-only-support-rtbiz-helpdesk/,blog/we-have-bbpress-attachment-feature/,blog/webinar-recording-enterprise-newsletter-gutenberg/,blog/monthly-roundup-may-2021/,blog/top-10-themes-designed-by-rtcamp-in-2011/,blog/monthly-roundup-august-2021/,blog/rtcamp-com-redesigned-reimagined/,blog/we-are-hiring-4-executive-profiles/,blog/gni-launches-program-to-help-publishers-uplift-ad-revenue/,blog/monthly-roundup-october-2021/,blog/monthly-roundup-november-2021/,blog/monthly-roundup-december-2021/,blog/wordcamp-mumbai-2015-experience/,blog/monthly-roundup-january-2022/,blog/monthly-roundup-february-2022/,blog/wordpress-vip-top-partner-innovator-salesforce-integration/,blog/turning-13-teenager/,blog/rtcamp-digitalriver-simplify-international-woocommerce/,blog/monthly-roundup-september-2021/,blog/wordpress-5-9/,blog/100-rtcampers/,blog/wordpress-5-8/,blog/campus-program-updates-june-2021/,blog/wordpress-5-7/,blog/hack-a-wordpress-job/,blog/breakfast-with-rtcampers/,blog/monthly-roundup-december-2020/,blog/year-in-review-2020/,blog/wordpress-5-6/,blog/monthly-roundup-november-2020/,blog/monthly-roundup-october-2020/,blog/monthly-roundup-september-2020/,blog/monthly-roundup-august-2020/,blog/monthly-roundup-july-2020/,blog/monthly-roundup-may-2020/,blog/autoloading-php-classes-on-windows-os-correctly/,blog/wordpress-5-4-wp-menu-custom-fields-plugin-released/,blog/monthly-roundup-march-2020/,blog/from-fully-office-to-fully-remote/,blog/we-just-turned-1-1/,blog/monthly-roundup-february-2020/,blog/edit-flow-slack-integration/,blog/monthly-roundup-january-2020/,blog/year-in-review-2019/,blog/monthly-roundup-december-2019/,blog/recap-wordcamp-ahmedabad-2019/,blog/event-recap-careers-in-open-source-and-beyond/,blog/monthly-roundup-november-2019/,blog/building-user-first-wordpress-sites-with-amp-meetup-summary/,blog/careers-in-open-source-and-beyond/,blog/muhammad-speaking-remotely-at-wordcamp-us/,blog/welcome-to-rtfamily-mervin/,blog/wordcamp-vadodara-experience/,blog/monthly-roundup-september-2019/,blog/graphql-with-react-and-wordpress-meetup-experience/,blog/monthly-roundup-august-2019/,blog/our-experience-at-wordcamp-nagpur/,blog/lets-catch-up-at-wordcamp-for-publishers/,blog/monthly-roundup-july-2019/,blog/monthly-roundup-june-2019/,blog/monthly-roundup-may-2019/,blog/wordpress-5-2-jaco/,blog/monthly-roundup-april-2019/,blog/monthly-roundup-march-2019/,blog/automated-wordpress-code-review-deployment-using-github-actions/,blog/rtcamp10/,blog/wordcamp-kolkata-2019/,blog/monthly-roundup-february-2019/,blog/gitlab-to-github-migration/,blog/welcome-to-rtcamp-robert-jacobi/,blog/monthly-roundup-january-2019/,blog/pre-rtparty-2019/,blog/monthly-roundup-december-2018/,blog/rtcamp-at-wordcamp-us-2018/,blog/wordpress-5-0-gutenberg/,blog/wordcamp-ahmedabad-2018-experience/,blog/rtcamp-at-wcahmedabad-2018/,blog/gutenberg-fields-middleware-wordpress-5-0/,blog/wordcamp-kochi-2018-experience/,blog/monthly-roundup-october-2018/,blog/meet-nirmal-at-wordcamp-kochi-2018/,blog/amp-roadshow-mumbai-2018/,blog/monthly-roundup-september-2018/,blog/monthly-roundup-august-2018/,blog/wp-cli-v2-contributions/,blog/rt3-our-new-office/,blog/rtcamp-at-wordcamp-ahmedabad-2017/,blog/stripe-atlas-usa-subsidiary/,blog/rtcamps-wordcamp-colombo-2017-trip/,blog/we-went-to-the-first-wordcamp-in-the-orange-city-wcnagpur/,blog/wordpress-4-8-largest-cake-yet/,blog/introducing-refer-a-friend-program/,blog/learning-new-things-meeting-new-people-at-wordcamp-mumbai/,blog/wordcamp-mumbai-2017/,blog/celebrating-rtcamps-8th-birthday-rtparty/,blog/proud-sponsors-wordcamp-bangkok/,blog/we-are-off-to-the-first-wordcamp-in-south-india/,blog/see-you-at-wcpune-2017/,blog/lets-meetup-wordcamp-us-2016/,blog/wordcamp-nashik-words-rtcampers/,blog/wordcamp-singapore-slides-and-wordcamp-bhopal-plans/,blog/first-local-wordpress-meetup-office-hours/,blog/wordpress-5-1-betty/,blog/year-in-review-2018/,blog/nyc-wordcamp-usa-2018/,blog/monthly-roundup-april-2022/,blog/wordpress-6-0/,blog/ninja-forms-to-gravity-forms/,blog/monthly-roundup-may-2022/,blog/rtcamp-is-now-2-years-old/,blog/rtcamp-completes-1-year-in-its-new-office/,blog/introducing-inspirebook/,blog/rtmedia-3-2-audio-cover-art-improved-ui/,blog/rtmedia-pro-1-3-playlist-feature/,blog/rtmedia-3-5-foundation-5-themes/,blog/rtmedia-3-3-improved-ui-lightbox-uploader/,blog/rtmedia-changes-major-launch/,blog/release-rtmedia-30-wordpress-buddypress-bbpress/,blog/introducing-rtmedia-seo-plugin/,blog/introducing-rtmedia-v3-8-15-addons/,blog/rtmedia-3-8-beta/,blog/rtmedia-3013/,blog/rtmedia-3012/,blog/rtmedia-3-4-simplified-group-privacy/,blog/rtmedia-translation/,blog/rtmedia-premium-opensource/,blog/rtsocial-2-0-with-google-pinterest-linkedin-support/,blog/rtpanel-new-release-2-1/,blog/rtpanel-example-child-theme-released/,blog/rtmedia-pro-splitting-major-change/,blog/lightboxes-rtmedia-profile-pictures/,blog/new-community-portal/,blog/buddypressmedia-photo-tagging-addon-released/,blog/monthly-roundup-march-2022/,blog/monthly-roundup-june-2022/,blog/monthly-roundup-july-2021/,blog/monthly-roundup-july-2022/,blog/introducing-elementary-a-block-based-starter-theme/,blog/why-you-need-a-multilingual-website/,blog/wordcamp-us-and-dreamforce-2022/,blog/introducing-witcrumbs-new-blog-in-our-network/,blog/bug-fixing-cost/,blog/how-to-manage-multiple-blogs-on-your-wordpress-cms/,blog/mediabp-com-our-new-portal-for-buddypress-media-component/,blog/media-activity-streaming-added-to-buddypress-media-component/,blog/rtsocial-plugin-page-with-custom-header/,blog/rtmedia-video-thumbnails/,blog/agile-development/,blog/rtmedia-pro-v1-9-wordpress-album-support/,blog/activecollab-gitolite-module-updated-activecollab-41/,blog/monthly-roundup-august-2022/,blog/2014-year-review-rtcamp/,blog/wufoo-to-gravity-forms-importer/,blog/releasing-woocommerce-gitlab-add-on/,blog/charging-for-change-requests/,blog/september-2013-roundup/,blog/fork-rtpanel-on-github/,blog/rtpanel-is-now-in-official-wordpress-theme-directory/,blog/wordpress-is-best-blogging-platform-in-2010/,blog/monthly-roundup-september-2022/,blog/our-biggest-campus-hiring-drive-2022/,blog/wordpress-5-3-kirk/,blog/monthly-roundup-october-2019/,blog/monthly-roundup-october-2022/,blog/wordpress-plugin-compare-update-introducing-most-popular-comparisons/,blog/introducing-wordpress-plugin-compare/,blog/wordpress-plugin-compare-introducing-filter-page/,blog/wordpress-plugin-compare-instant-search-with-elasticsearch/,blog/fresher-hiring-training-helping-scale/,blog/introducing-wpnginx-new-service-to-migrate-wordpress-on-nginx/,blog/monthly-roundup-november-2022/,blog/year-in-review-2021/,blog/monthly-roundup-december-2022/,blog/restructuring-our-campus-hiring/,blog/nows-the-time-you-move-to-google-analytics-4/,blog/easily-preview-wordpress-post-page-revisions-before-restoring/,blog/rtmedia-pro-2-4/,blog/rtmedia-pro-2-3-release/,blog/summary-2012/,blog/usd-4123-affiliates-payout-in-2012-13/,blog/meet-new-rtcamp/,blog/rtcamp-new-minimal-design/,blog/rtmedia-pro-2-1-release/,blog/monthly-roundup-june-2020/,blog/buddypress-media-with-kaltura-support-released/,blog/lets-meet-up-at-wordcamp-asia-2023/,blog/wordpress-plugin-compare-introducing-plugin-overview-and-translations/,blog/monthly-roundup-january-2023/,blog/wordcamp-asia-2023-recap/,blog/campus-seminars-wordpress-and-the-content-creator-economy/,blog/monthly-roundup-february-2023/,blog/personalizing-pages-on-wordpress/,blog/conversion-rate-optimization-with-personalization/,blog/rtcamp-turns-14/,blog/personalization-web-intro/,blog/visual-automation-framework-migration-projects/,blog/api-test-automation-with-playwright/,blog/wordpress-6-1/,blog/wordpress-6-2-dolphy-rtcampers-core-contributions-streak-hits-27/,blog/monthly-roundup-march-2023/,blog/year-in-review-2022/,blog/heres-a-peek-at-our-remote-setups/,blog/hosting-an-industrial-visit-for-engineering-students/,blog/monthly-roundup-april-2023/,blog/gravityform-to-salesforce-data-extension/,blog/revealing-rtcamps-cost-effective-best-practices-for-web-accessibility/,blog/20-years-wordpress/,,solutions/ecommerce/,solutions/marketing/,solutions/publishing/,solutions/training/,assignments/human-resources/,assignments/web-developer/,gutenberg-1-on-1/,assignments/wordpress-plugin/,assignments/wordpress-theme/,emp-ref/,assignments/laravel-engineer/,assignments/qa-engineer/,presskit/,aem-v-wordpress/,assignments/senior-react-engineer/,subscribe/,assignments/wordpress-engineer-front-end/,campus/interview-guidelines/,campus/college-list/,campus/enroll/,campus/quiz/,assignments/system-engineer/,staff-augmentation/,migration-to-wordpress/,quality-assurance-services/,decoupled-architecture/,campus/,careers/,assignments/visual-designer/,business-inquiry/,assignments/,solutions/,contact/,assignments/content-writer/,assignments/digital-marketing/,managed-site-maintenance-services/,assignments/executive-assistant/,about/,case-studies/,case-studies/openweb-decoupled-wordpress-gatsby/,case-studies/wordpress-theme-development-and-woocommerce-development-for-vedic-cosmos/,case-studies/summer-works-custom-patterns-blocks-performant-website/,case-studies/waldos-friends-decoupled-ecommerce/,case-studies/building-embedded-web-stories-for-wordpress/,case-studies/vip-migration-and-codebase-audit-khm-travel-group/,case-studies/bringing-laterpay-to-wordpress-vip/,case-studies/automating-documentation-for-learndash/,case-studies/simplifying-newsletter-creation-for-mortgage-bankers-association-using-gutenberg/,case-studies/greater-kashmir-case-study/,case-studies/rotimatic-ecommerce-preorder-fulfillment/,case-studies/woocommerce-development-and-server-optimization-for-ulzzang-style/,case-studies/wordpress-migration-and-server-optimization-for-newsmarket/,case-studies/nutrabay-scaling-woocommerce/,case-studies/wordpress-development-and-server-management-for-vanguard-news/,case-studies/content-migration-and-custom-theme-development-for-isha-blog/,case-studies/pmc-sheknows-soaps-replatform-wordpress-vip/,case-studies/migrating-vinsolutions-kentico-cms-to-wordpress-vip/,case-studies/49-percent-more-leads-with-ui-ux-refresh-and-vip-migration-for-ready-logistics/,case-studies/videojet-adobe-cq5-wordpress/,case-studies/dealertrack-aem-wordpress-migration/,tutorials/,tutorials/linux/find-sed-string-replace/,tutorials/git/mandatory-stages-git/,tutorials/git/time-git-setup/,tutorials/git/forking-git/,tutorials/php/test-email-sending/,tutorials/php/increase-script-execution-time/,tutorials/php/apc-cache-with-web-interface/,tutorials/php/fpm-slow-log/,tutorials/nginx/optimization/,tutorials/nginx/debugging/,tutorials/mysql/mysqltuner/,tutorials/mysql/slow-query-log/,tutorials/mysql/check-repair-automatically/,tutorials/wordpress/debugging-2/,tutorials/mail/postfix-debugging/,tutorials/php/fpm-sysctl-tweaking/,tutorials/nginx/rewrite-rules-vbulletin-permalinks-seo/,tutorials/mail/postfix-attachment-size/,tutorials/nginx/www-non-www-redirection/,tutorials/nginx/forwarding-visitors-real-ip/,tutorials/mysql/myisam-to-innodb/,tutorials/php/fpm-status-page/,tutorials/nginx/status-page/,tutorials/mac/osx-brew-php-mysql-nginx/,tutorials/mysql/remote-access/,tutorials/mysql/character-sets-collations/,tutorials/mysql/percona-toolkit/,tutorials/php/phpmyadmin/,tutorials/mysql/change-wordpress-domain/,tutorials/linux/serverdensity/,tutorials/linux/webmin/,tutorials/nginx/troubleshooting/emerg-bind-failed-98-address-already-in-use/,tutorials/linux/logrotate/,tutorials/mysql/tmpfs-mysqldump-mysqlimport/,tutorials/wordpress/wp-cron-crontab/,tutorials/php/session-tmpfs/,tutorials/mysql/enable-innodb-file-per-table/,tutorials/git/git-resolve-merge-conflicts/,tutorials/mysql/yarpp-innodb/,tutorials/mysql/tmpfs-temporary-folder-creation/,tutorials/mysql/mysql-5-6-ubuntu-12-04/,tutorials/kvm/convert-qcow2-to-raw-format/,tutorials/nginx/log-parsing/,tutorials/nginx/upstream-cache-status-in-access-log/,tutorials/nginx/enable-gzip/,tutorials/nginx/upstream-cache-status-in-response-header/,tutorials/nginx/tweaking-fastcgi-buffers/,tutorials/mysql/innodb-to-myisam/,tutorials/mysql/reset-root-password/,tutorials/nginx/block-wp-login-php-bruteforce-attack/,tutorials/mysql/tuning-primer/,tutorials/php/memcache/,tutorials/mysql/query-cache/,tutorials/mail/dkim-postfix-ubuntu/,tutorials/mysql/mycnf-preference/,tutorials/cdn/cdn-net-configuration-w3-total-cache-wordpress/,tutorials/nodejs/node-js-npm-install-ubuntu/,tutorials/mail/server/testing/imap/,tutorials/mail/server/testing/pop/,tutorials/mail/server/testing/smtp/,tutorials/wordpress/remove-query-string-css-js-files/,tutorials/cdn/cdn77-configuration-w3-total-cache-wordpress/,tutorials/mail/fqdn-reverse-dns-ptr-mx-record-checks/,tutorials/mail/server/packages-conventions/,tutorials/mail/server/testing/spam/,tutorials/mail/server/testing/antivirus/,tutorials/mail/server/amavis-spamassassin-clamav/,tutorials/mail/server/sieve-filtering/,tutorials/mail/server/postfix-dovecot-ubuntu/,tutorials/mail/larch-gmail-imap-mail-transfer/,tutorials/linux/screen/,tutorials/linux/upgrade-ubuntu-distro/,tutorials/benchmark/siege/,tutorials/linux/increase-open-files-limit/,tutorials/mail/spf-records/,tutorials/nginx/open-file-cache/,tutorials/linux/sysctl-conf/,tutorials/nginx/troubleshooting/pcre-compile-failed-unrecognized-character/,tutorials/mail/postfix-queue/,tutorials/nginx/amazon-elastic-load-balancer-forward-real-ip/,tutorials/monitoring/newrelic/,tutorials/nginx/ssl-pci-compliance-performance/,tutorials/php/directly-connect-php-fpm/,tutorials/php/code-review-tools/,tutorials/linux/google-public-dns/,tutorials/standards/php/code-sniffer/,tutorials/linux/disable-ipv6/,tutorials/php/xdebug-webgrind/,tutorials/plesk/mailbox-storage-passwords/,tutorials/linux/multiple-ip-addresses/,tutorials/linux/openssl-match-private-key-cert-csr/,tutorials/monitoring/monit/,tutorials/mysql/slow-query-log-anemometer/,tutorials/linux/kill-all-processes/,tutorials/nginx/woff-fonts-mime-type/,tutorials/mail/swaks-smtp-test-tool/,tutorials/linux/search-replace-text-multiple-files/,tutorials/linux/timezone-sync/,tutorials/linux/fdupes-duplicate-hardlinks/,tutorials/mail/clients/thunderbird/,tutorials/mail/clients/apple-mail/,tutorials/nginx/fail2ban/,tutorials/linux/gpg-keys/,tutorials/linux/setup-sftp/,tutorials/php/core-dump-php5-fpm/,tutorials/php/geoip/,tutorials/mysql/query-profiling/,tutorials/linux/dsh/,tutorials/mail/setup-opendkim/,tutorials/php/hhvm-with-fpm-fallback/,tutorials/wordpress/performance-optimization/,tutorials/nginx/using-pagespeed/,tutorials/nodejs/ghost-nginx/,tutorials/linux/passwordless-authentication-ssh/,tutorials/php/redis-php-sessions/,tutorials/wordpress/redis-wordpress-object-cache/,tutorials/composer-wordpress/getting-started/,tutorials/composer-wordpress/git-file-system-layout/,tutorials/composer-wordpress/manage-themes-plugins/,tutorials/composer-wordpress/update-themes-plugins/,tutorials/composer-wordpress/manage-own-theme-plugin-dependencies/,tutorials/nginx/letsencrypt/,tutorials/nginx/diffie-hellman-logjam-attack-fix/,tutorials/php/setting-sqlite-support-with-easyengine/,tutorials/php/php5-php7-system/,tutorials/nginx/website-access-restriction-using-nginx/,tutorials/wpcli/finding-faulty-plugin/,tutorials/wpcli/wp-profile-command/,tutorials/gitlab/gitlab-ci-multi-runner/,tutorials/gitlab/gitlab-ce/,tutorials/docker-wordpress/kubernetes/minikube-helm-localhost-macos/,tutorials/nginx/configuring-http-2-server-push/,tutorials/amazon-aws/auto-scaling/,tutorials/amazon-aws/change-instance-type-autoscaling/,tutorials/mail/roundcube/mail-forwarding/,tutorials/php/zend-opcache/,tutorials/php/xdebug-netbeans-2/,tutorials/wordpress/woocommerce-window-shopping-caching-technique/,tutorials/amazon-aws/,tutorials/benchmark/,tutorials/backups/,tutorials/cdn/,tutorials/composer-wordpress/,tutorials/docker-wordpress/,tutorials/git/,tutorials/docker-wordpress/kubernetes/,tutorials/gitlab/,tutorials/kvm/,tutorials/mac/,tutorials/monitoring/,tutorials/nodejs/,tutorials/plesk/,tutorials/redis/,tutorials/standards/,tutorials/standards/php/,tutorials/vagrant/,tutorials/wpcli/,tutorials/linux/,tutorials/turn-on-off-directory-listing/,tutorials/manage-svn-users-htpasswd/,tutorials/mysql/,tutorials/mail/server/,tutorials/mail/roundcube/,tutorials/mail/clients/,tutorials/mail/,tutorials/mail/server/testing/,tutorials/mail/server/port-numbers/,tutorials/nginx/,tutorials/nginx/troubleshooting/,tutorials/php/,tutorials/wordpress/,tutorials/activecollab-with-nginx-apc-cache/,tutorials/linux/ubuntu-php-mysql-nginx-postfix/,tutorials/php/increase-file-upload-size-limit/,tutorials/linux/ubuntu-postfix-gmail-smtp/,tutorials/amazon-aws/elb-multi-domain-ssl-san/,tutorials/mysql/using-mariadb-10/,tutorials/nginx/filter-query-string-for-redis-nginx-cache/,tutorials/backups/duplicity-amazon-s3/,tutorials/composer-wordpress/version-constraints/,tutorials/wordpress/404-error-page/,tutorials/enable-fastcgi-php-mediatemple/,tutorials/wordpress/elasticsearch-elasticpress/,tutorials/cdn/amazon-cloudfront-wordpress-w3-total-cache/,tutorials/wordpress/migration-with-zero-downtime/,tutorials/kvm/enable-virtio-existing-vms/,tutorials/benchmark/apachebench/,tutorials/benchmark/httperf/,tutorials/composer-wordpress/add-composer-to-own-themes-plugins/,careers/wordpress-theme-engineers-frontend/,careers/project-coordinator/,careers/web-designer-ui-ux/,careers/web-designer/,careers/senior-hr-executive/,careers/qa-engineer/,careers/laravel-engineer/,careers/senior-react-engineer/,careers/senior-wordpress-engineer-us-remote/,careers/wordpress-theme-engineers-front-end/,careers/recruitment-specialist/,careers/senior-project-manager/,careers/diy-job/,careers/wordpress-trainer/,careers/ld-specialist/,careers/ld-coordinator/,careers/python-engineer/,careers/digital-marketing-manager/,careers/wordpress-engineer/,careers/digital-marketing-executive/,careers/content-writer/,careers/business-analyst/,careers/senior-wordpress-engineer/,careers/senior-frappe-erpnext-engineer/,careers/systems-engineer/,careers/hr-executive/,careers/front-end-wordpress-engineer/,careers/technical-consultant/,careers/executive-assistant-to-the-ceo/,careers/creative-head/,web-stories/,web-stories/remote-setups/,web-stories/breakfast-with-rtcampers/,blog/series/personalization/,blog/series/qa-automation/,?ngl_pattern_category=ngl_footers,?ngl_pattern_category=ngl_headers,blog/job_type/design/,blog/job_type/engineering/,blog/job_type/human-resources/,blog/job_type/learning-development/,blog/job_type/marketing/,blog/job_type/people/,blog/job_type/project-management/,blog/job_type/sales/,case-studies/service/audit/,case-studies/service/development/,case-studies/service/documentation/,case-studies/service/publishing/,case-studies/solution/audit/,case-studies/solution/ecommerce/,case-studies/solution/managed-services/,case-studies/solution/marketing/,case-studies/solution/platform-migration/,case-studies/solution/publishing/,case-studies/solution/staff-augmentation/,case-studies/solution/technical-documentation/,case-studies/solution/wordpress-training/,blog/job_locations/pune-india/,blog/job_locations/remote/